Rank,Team,Conf,Region,Seed,W-L,AdjEM,AdjO,AdjORank,AdjD,AdjDRank,AdjT,AdjTRank,Luck,LuckRank,SOSAdjEM,SOSAdjEMRank,SOSOppO,SOSOppORank,SOSOppD,SOSOppDRank,NCSOSAdjEM,NCSOSAdjEMRank
1,Gonzaga,WCC,N,1,29-1,32.53,121.4,6,88.9,3,70.1,87,0.015,148,0.22,135,105.3,153,105.1,136,0.79,144
2,Villanova,BE,N,15,27-3,29.33,123.4,3,94.1,19,64.4,321,0.018,135,9.66,24,110.7,22,101.1,37,4.84,50
3,North Carolina,ACC,N,3,25-6,27.84,122,4,94.2,20,71,58,0.011,157,11.55,11,111.8,9,100.3,18,4.42,56
4,West Virginia,B12,N,13,23-7,27.75,118.6,16,90.8,7,70.7,68,-0.057,305,8.93,35,109.4,47,100.5,23,-7.22,339
5,Louisville,ACC,N,5,23-6,27.71,117.9,22,90.1,5,68.4,180,0.01,162,11.37,12,111.7,10,100.4,19,4.75,51
6,Florida,SEC,N,11,23-6,27.57,117.4,25,89.8,4,69.2,135,-0.028,250,11.25,14,110.5,25,99.2,8,8.91,13
7,Virginia,ACC,N,7,20-9,27.22,114.1,38,86.9,1,59.1,351,-0.053,301,12.66,6,111.9,6,99.2,7,3,82
8,Kentucky,SEC,N,9,25-5,27.2,119.7,13,92.5,11,73.5,13,-0.005,200,9.48,28,110.3,28,100.8,28,4.47,54
9,Kansas,B12,N,8,27-3,26.41,121.5,5,95.1,26,70.2,82,0.088,15,11.95,8,111.1,18,99.2,6,3.33,72
10,Wichita St.,MVC,N,10,27-4,25.53,120.3,9,94.7,24,69.2,136,-0.013,222,0.56,123,105.1,159,104.5,118,0.11,168
11,Baylor,B12,N,6,24-6,25.5,117.3,27,91.8,8,63.5,339,0.01,163,12.67,5,112.2,3,99.5,10,2,114
12,Purdue,B10,N,12,24-6,24.35,118.1,21,93.8,17,69.3,116,-0.018,234,7.36,54,108.7,55,101.4,43,-1.68,216
13,UCLA,P12,N,4,26-3,24.19,125.6,1,101.4,95,73.4,16,0.02,130,4.05,79,107.7,75,103.6,93,-4.01,286
14,Saint Mary's,WCC,N,14,26-3,24.07,119.7,12,95.7,30,59.5,350,0.041,79,-1.06,175,103.9,226,105,132,-3.87,282
15,Duke,ACC,N,2,23-7,23.96,120.4,7,96.5,36,67.8,214,0.013,151,10.16,22,110.7,23,100.5,25,0.14,167
16,SMU,Amer,N,16,25-4,23.88,118.2,19,94.3,22,63.5,338,0.014,149,3.04,88,105.8,120,102.8,72,-1.07,204
17,Oregon,P12,S,1,26-4,23.44,117.6,23,94.2,21,66.7,261,0.056,56,6.35,63,108.6,60,102.2,66,0.94,139
18,Florida St.,ACC,S,15,23-7,22.96,118.3,18,95.3,27,71.4,46,0.027,114,9.25,29,111.1,19,101.8,59,-3.23,261
19,Oklahoma St.,B12,S,3,20-10,22.91,125.4,2,102.5,117,70.6,69,-0.035,264,13.51,2,111.7,11,98.2,1,3.5,70
20,Butler,BE,S,13,23-6,22.22,119.6,14,97.4,50,66.1,279,0.021,129,10.71,19,111.2,16,100.5,24,5.07,46
21,Wisconsin,B10,S,5,22-7,21.8,115.4,34,93.6,15,63.8,332,0.015,144,8.57,38,109.8,38,101.2,39,-0.27,178
22,Arizona,P12,S,11,26-4,21.49,117.2,29,95.7,31,65.3,302,0.06,50,5.42,68,107.8,72,102.3,68,1.67,122
23,Iowa St.,B12,S,7,20-9,21.26,118.5,17,97.3,46,68.3,187,-0.017,229,12.16,7,111.9,5,99.8,11,-0.36,179
24,Cincinnati,Amer,S,9,25-4,20.99,113.8,42,92.8,12,64.2,327,0.03,107,2.23,96,106.5,92,104.3,108,-0.09,172
25,Notre Dame,ACC,S,8,22-7,19.94,119,15,99.1,66,67.7,219,0.035,96,9.16,31,110.1,29,101,34,-3.74,279
26,Creighton,BE,S,10,23-7,19.91,117.2,28,97.3,48,70.9,61,0.008,169,7.68,51,110.1,30,102.4,70,-1,200
27,Michigan,B10,S,6,19-10,19.17,120.4,8,101.3,93,62.8,343,-0.037,273,8.15,43,109.3,48,101.2,38,0,169
28,South Carolina,SEC,S,12,22-8,18.21,106.3,149,88,2,68.6,165,0.015,143,8.2,41,109.5,45,101.3,41,2.25,106
29,Miami FL,ACC,S,4,20-9,17.84,111.8,55,93.9,18,64,329,0.025,121,8.73,36,110.6,24,101.8,56,-3.62,276
30,Minnesota,B10,S,14,22-7,17.07,110.1,84,93,13,69.6,106,0.016,141,7.48,52,109,51,101.6,49,-0.81,194
31,Dayton,A10,S,2,23-5,16.91,112.4,51,95.5,29,68.7,159,0.006,175,2.92,89,106.1,106,103.2,81,3.04,80
32,Marquette,BE,S,16,17-11,16.88,120.2,10,103.4,138,70.1,88,-0.069,322,8.13,44,109.5,43,101.4,45,-1.89,223
33,Wake Forest,ACC,E,1,16-12,16.8,119.8,11,103,131,70.8,66,-0.052,298,10.95,16,111.6,12,100.7,26,4.98,49
34,Clemson,ACC,E,15,14-14,16.07,117.3,26,101.2,92,66.8,250,-0.071,325,12.88,3,111.8,8,99,4,2.81,86
35,Texas Tech,B12,E,3,17-12,15.92,115.2,36,99.3,67,64.2,326,-0.081,332,7.41,53,109.6,40,102.2,67,-11.17,351
36,Kansas St.,B12,E,13,17-12,15.79,112.4,50,96.6,40,67,245,-0.051,295,9.6,26,109.8,37,100.2,16,-5.13,312
37,Northwestern,B10,E,5,20-9,15.78,111.2,64,95.4,28,65.7,292,-0.003,194,6.84,58,108.6,59,101.8,54,-2.49,239
38,Maryland,B10,E,11,23-7,15.59,114.6,37,99,65,67.7,220,0.065,45,7.82,48,108.6,58,100.8,29,-0.86,195
39,Houston,Amer,E,7,20-8,15.38,115.8,33,100.4,77,65.2,303,-0.009,211,2.34,94,105.4,145,103.1,78,-2.77,246
40,Xavier,BE,E,9,18-11,15.13,115.2,35,100.1,72,67.9,208,0.038,85,11.34,13,111.2,15,99.9,12,5.99,38
41,TCU,B12,E,8,17-12,15,112.3,52,97.3,47,67.3,232,-0.019,236,11.03,15,111.4,14,100.4,20,-2.84,248
42,Virginia Tech,ACC,E,10,21-8,14.97,117.4,24,102.4,111,68.8,157,0.087,18,8.02,45,110.1,32,102,63,-6.99,337
43,Vanderbilt,SEC,E,6,16-14,14.97,113.7,44,98.7,62,65.7,291,-0.049,289,10.81,17,110.3,27,99.5,9,6.91,30
44,Arkansas,SEC,E,12,22-7,14.89,118.2,20,103.3,137,69.6,105,0.095,11,5.89,65,107.7,73,101.8,57,-0.67,188
45,Illinois St.,MVC,E,4,25-5,14.63,106.9,139,92.3,10,65.2,308,0.096,10,1.09,117,105.5,138,104.4,115,0.24,161
46,VCU,A10,E,14,23-6,14.62,110.8,69,96.2,33,68.8,154,0.052,61,3.22,84,105.6,135,102.4,69,2,115
47,California,P12,E,2,19-9,14.57,106.7,142,92.2,9,65.5,300,-0.029,253,3.58,81,107.1,79,103.5,90,-2.24,234
48,Middle Tennessee,CUSA,E,16,25-4,14.51,111.6,58,97.1,45,64,330,0.005,179,-0.36,152,105.4,144,105.8,166,4.21,57
49,Indiana,B10,W,1,16-14,14.27,116,32,101.7,97,68.3,189,-0.098,342,8.56,39,110,34,101.4,44,-4.63,299
50,Michigan St.,B10,W,15,18-11,14.18,110.8,71,96.6,41,67.9,213,0.036,93,10.32,21,110.8,20,100.5,22,4.58,52
51,Syracuse,ACC,W,3,17-13,14,116,31,102,104,66.9,246,-0.032,258,9.09,32,109.9,36,100.8,27,-2.39,236
52,Georgia,SEC,W,13,17-12,13.85,110.5,74,96.6,39,67.6,223,-0.01,215,10.71,18,109.7,39,99,5,5.28,43
53,Rhode Island,A10,W,5,19-9,13.74,110.2,78,96.4,35,66.9,248,-0.043,281,3.56,82,107,80,103.5,88,2.46,95
54,Utah,P12,W,11,18-10,13.56,113.9,40,100.4,76,69.2,129,-0.081,334,3.21,85,106.8,82,103.6,92,-5.91,325
55,Tennessee,SEC,W,7,15-14,12.96,111.3,62,98.3,59,69.9,94,-0.044,282,11.62,10,110,33,98.4,2,6.99,29
56,Providence,BE,W,9,19-11,12.77,109.1,97,96.3,34,66.3,270,0.03,110,7.89,46,109.5,44,101.6,52,-3.58,275
57,Texas A&M,SEC,W,8,16-13,12.29,109.8,90,97.5,51,65.2,307,-0.045,284,6.77,59,109.5,46,102.7,71,-2.06,228
58,Seton Hall,BE,W,10,19-10,12.21,110,86,97.8,54,68,199,0.075,29,8.64,37,109.5,42,100.9,32,-1.36,212
59,UNC Wilmington,CAA,W,6,26-5,12.05,116.7,30,104.7,163,70.5,74,0.048,67,0.29,132,105.7,127,105.4,151,2.32,102
60,Georgetown,BE,W,12,14-16,11.98,109.9,88,97.9,55,68.9,148,-0.097,341,10.09,23,111.6,13,101.5,48,3.09,77
61,Princeton,Ivy,W,4,19-6,11.98,109.1,100,97.1,44,63.8,334,0.01,164,-0.46,156,104.4,200,104.8,127,3.34,71
62,Oklahoma,B12,W,14,19-Oct,11.77,107.6,131,95.8,32,70.5,71,-0.123,348,14.37,1,112.9,1,98.6,3,1.96,116
63,Ohio St.,B10,W,2,17-13,11.65,112.1,54,100.5,79,68.1,198,-0.035,265,7.83,47,108.2,69,100.4,21,-3.73,278
64,Illinois,B10,W,16,17-12,11.62,108.5,113,96.9,43,66.6,266,0.041,77,9.16,30,110.8,21,101.6,50,0.86,142
65,Nevada,MWC,,,23-6,11.59,113.8,43,102.2,106,69.7,102,0.059,53,0.28,133,104.7,173,104.4,116,-1.26,208
66,East Tennessee St.,SC,,,24-7,11.37,107.9,126,96.5,38,70.4,77,-0.016,227,-1.65,186,105.8,123,107.4,266,0.62,152
67,USC,P12,,,21-8,11.31,113.2,46,101.9,101,69.8,99,0.097,9,4.64,75,108.5,62,103.9,103,-3.3,265
68,Alabama,SEC,,,16-12,11.22,104.8,178,93.6,14,65.6,294,-0.033,260,6.41,62,108.4,65,102,61,-0.61,186
69,Vermont,AE,,,26-5,11.02,111.6,57,100.6,83,65.1,310,0.048,68,-3.46,241,104.1,210,107.6,277,2.45,97
70,BYU,WCC,,,21-10,10.52,109.5,93,98.9,64,76,4,-0.029,252,-0.31,149,104.4,198,104.7,124,-2.02,225
71,Iowa,B10,,,16-13,10.52,113.2,47,102.7,122,71.5,43,0,185,7.16,55,108.6,57,101.5,47,-3.34,267
72,UT Arlington,SB,,,23-6,10.4,111,67,100.6,80,70.4,76,0.061,48,0.19,136,104.8,171,104.6,121,6.81,31
73,UCF,Amer,,,19-10,10.19,103.9,196,93.7,16,66.2,275,-0.004,196,1.91,101,105.3,150,103.4,85,-6.02,328
74,Pittsburgh,ACC,,,15-15,10.17,113.9,41,103.7,144,65.5,297,0.03,109,10.71,20,112,4,101.3,42,0.66,151
75,Texas,B12,,,19-Oct,9.66,104.8,179,95.1,25,68.1,196,-0.111,346,12.78,4,112.7,2,99.9,13,1.96,117
76,Georgia Tech,ACC,,,17-13,9.46,100,265,90.6,6,68,204,0.058,55,9.09,33,111.1,17,102,62,-4.55,296
77,Mississippi,SEC,,,18-11,9.15,110.9,68,101.8,100,71.7,36,0.07,39,6.57,61,108.3,67,101.7,53,0.25,160
78,Colorado,P12,,,16-13,9.04,111.5,60,102.5,115,68.2,192,-0.054,302,4.9,72,108.5,63,103.6,91,-0.55,185
79,Monmouth,MAAC,,,26-5,8.81,109.4,94,100.6,81,72.6,24,0.102,7,-2.67,214,103.8,229,106.5,216,2.68,90
80,Bucknell,Pat,,,23-8,8.81,110.2,81,101.3,94,69.9,91,0.011,159,-3.6,248,101.9,304,105.5,154,1.3,131
81,Penn St.,B10,,,14-16,8.48,105.3,166,96.8,42,71.3,51,-0.024,245,8.97,34,109.1,50,100.1,15,1.21,134
82,Auburn,SEC,,,17-12,8.45,111.1,66,102.6,120,74.4,8,0.074,32,7.76,50,108.8,54,101,35,2.47,94
83,San Diego St.,MWC,,,16-12,8.44,105.8,157,97.4,49,65.2,309,-0.101,344,1.12,116,105.2,156,104.1,105,-1.05,203
84,Belmont,OVC,,,22-5,8.32,111.3,63,103,130,68.6,168,0.081,25,-2.39,207,104.3,201,106.7,227,3.72,68
85,Memphis,Amer,,,18-11,8.08,108,122,99.9,70,68.6,171,-0.027,249,1.58,105,105,162,103.4,87,-4.32,291
86,Connecticut,Amer,,,14-14,8.04,106.1,152,98.1,57,64.6,315,-0.055,303,6.63,60,108.4,66,101.8,55,6.16,36
87,College of Charleston,CAA,,,23-8,7.89,106.6,144,98.7,61,64.6,314,0.064,46,-0.06,140,106.2,105,106.3,195,0.4,157
88,St. John's,BE,,,13-17,7.87,109.7,91,101.8,99,73.5,14,-0.066,315,9.49,27,110.4,26,100.9,33,-1.72,218
89,Davidson,A10,,,15-13,7.73,108.7,107,101,90,69,146,-0.051,294,3.66,80,106.9,81,103.3,84,2.54,93
90,Louisiana Tech,CUSA,,,21-9,7.65,108.5,112,100.9,89,69.2,130,-0.07,324,-5.22,292,101.3,321,106.5,212,-5.76,320
91,Colorado St.,MWC,,,21-9,7.47,108.1,120,100.6,84,66,282,0.029,112,0.36,130,104.7,177,104.3,110,-1.29,210
92,St. Bonaventure,A10,,,18-11,7.38,110.5,73,103.2,135,69.3,119,-0.036,268,0.43,128,105.7,126,105.3,144,-4.11,287
93,Nebraska,B10,,,16-Dec,7.31,106.2,150,98.8,63,68.3,182,0.008,170,11.67,9,111.9,7,100.2,17,7.76,21
94,Richmond,A10,,,17-11,7.12,107.8,129,100.7,85,70.5,75,0.015,147,3.07,87,106.5,93,103.4,86,-0.87,196
95,Valparaiso,Horz,,,24-7,6.99,108.7,106,101.7,98,67.7,222,0.075,30,-3.13,231,103.3,250,106.4,208,0.19,164
96,Stanford,P12,,,14-14,6.99,104.5,184,97.6,52,69.4,113,0.01,161,8.26,40,110.1,31,101.8,58,6.66,33
97,Loyola Chicago,MVC,,,18-13,6.87,110.6,72,103.8,145,65.8,289,-0.094,340,-0.13,144,104.3,203,104.4,114,-4.17,289
98,UNC Asheville,BSth,,,23-8,6.76,107.9,124,101.2,91,68.3,185,0.036,94,-4.42,270,102.7,271,107.1,252,7.53,23
99,Mississippi St.,SEC,,,14-15,6.5,107.1,137,100.6,82,69.4,115,-0.039,276,5.87,66,106.7,85,100.8,30,-5.83,323
100,Boise St.,MWC,,,18-10,6.34,109.1,98,102.7,124,69.6,104,0.024,122,2.45,93,106.3,101,103.8,101,1.96,118
101,Ohio,MAC,,,18-10,6.06,106.8,140,100.7,86,70.9,65,-0.076,327,-2.32,203,104.7,178,107,244,-6.41,332
102,New Mexico St.,WAC,,,24-5,6.02,110,85,104,150,67.8,216,0.066,42,-5.08,290,101.5,317,106.6,222,-4.63,298
103,Fresno St.,MWC,,,18-11,5.96,106.1,151,100.2,73,68.5,176,0,188,2.08,99,106,109,103.9,104,-2.24,235
104,North Carolina St.,ACC,,,15-15,5.94,114,39,108.1,227,71,57,0.039,84,8.19,42,109,52,100.9,31,-5.11,311
105,Cal St. Bakersfield,WAC,,,21-7,5.79,100.2,259,94.5,23,66.8,255,-0.003,195,-4.16,264,102.5,279,106.6,225,-1.19,206
106,San Francisco,WCC,,,20-11,5.68,103.7,199,98.1,56,68.9,147,0.032,103,-1.24,178,104.4,193,105.7,160,-5.71,318
107,Furman,SC,,,21-10,5.64,108.3,118,102.7,121,65.9,284,0.01,166,-1.17,177,105.3,152,106.5,213,0.86,141
108,Oakland,Horz,,,24-7,5.59,104.2,189,98.6,60,72.4,27,0.013,154,-4.65,277,102.9,266,107.6,275,-4.83,305
109,Saint Peter's,MAAC,,,18-12,5.51,103.6,201,98.1,58,61.1,348,-0.059,307,-3.42,238,104,225,107.4,260,-1.44,214
110,Chattanooga,SC,,,19-11,5.34,107.4,133,102.1,105,65.6,296,-0.005,201,-0.57,161,106.3,102,106.9,233,2.76,88
111,Harvard,Ivy,,,18-7,5.32,106.8,141,101.5,96,67.1,242,-0.023,243,-3.23,232,103.2,255,106.4,210,0.43,155
112,George Mason,A10,,,18-11,5.2,110.3,75,105.1,172,69.1,143,0.026,119,1.2,114,104.4,197,103.2,82,-2.9,251
113,Winthrop,BSth,,,23-6,5.13,107.7,130,102.5,116,71.3,47,0.023,126,-6.43,320,101.2,323,107.6,284,3.06,78
114,Old Dominion,CUSA,,,18-10,5.03,101.5,232,96.5,37,61.6,347,-0.023,244,-2.2,199,104.7,175,106.9,239,2.24,107
115,Akron,MAC,,,23-7,5,113.5,45,108.5,240,66.2,273,0.089,14,-2.58,210,104.4,194,107,245,-4.55,297
116,Temple,Amer,,,15-15,4.84,109,102,104.2,156,67.5,228,0.018,134,4.85,73,106.5,94,101.6,51,2,113
117,Florida Gulf Coast,ASun,,,24-7,4.78,110.1,82,105.4,176,65.8,288,0.056,58,-4.02,259,104.6,183,108.6,325,3.25,74
118,Lehigh,Pat,,,18-11,4.76,108.2,119,103.5,142,69.8,97,-0.063,311,-2.66,212,102.4,287,105,135,4.08,61
119,Arkansas St.,SB,,,20-9,4.71,107.2,136,102.4,112,67.9,212,0.066,44,-0.62,164,104.4,195,105,134,4.01,64
120,Georgia St.,SB,,,18-11,3.8,106.3,148,102.5,113,68.1,197,0.005,177,-0.59,163,104.7,174,105.3,147,2.96,84
121,UNC Greensboro,SC,,,23-8,3.6,108,121,104.4,159,67.3,231,0.125,1,-1.46,179,105.1,160,106.5,217,-0.15,175
122,Towson,CAA,,,19-12,3.27,105.8,159,102.5,114,68.4,181,0.006,174,-0.23,147,105.7,125,106,174,-0.8,193
123,Buffalo,MAC,,,16-14,3.21,106,154,102.8,126,71.8,35,-0.047,288,0.38,129,106.6,89,106.2,189,2.83,85
124,La Salle,A10,,,14-13,3.18,112.9,48,109.7,257,68.5,174,0.038,86,3.54,83,106.5,91,103,76,2.05,111
125,New Mexico,MWC,,,16-13,3.04,107.8,128,104.8,166,69.2,133,0.026,116,2.1,98,105.9,111,103.8,102,-0.73,191
126,George Washington,A10,,,16-13,2.79,108.6,109,105.8,183,65.6,295,0.055,59,2.66,90,105.6,133,103,74,-0.5,182
127,Iona,MAAC,,,19-12,2.79,109.5,92,106.8,204,71.2,52,-0.007,208,-2.86,224,104,223,106.9,236,-0.11,173
128,Tulsa,Amer,,,14-14,2.6,105.2,167,102.6,119,68.7,162,0.049,65,4.44,76,105.7,124,101.3,40,2.23,108
129,Arizona St.,P12,,,14-16,2.55,112.2,53,109.7,256,70.5,73,0.032,101,5.76,67,109,53,103.2,83,-0.7,190
130,Eastern Michigan,MAC,,,15-15,2.53,107.9,127,105.3,175,68.6,172,-0.085,336,1.27,112,107.7,76,106.4,209,5.34,42
131,Elon,CAA,,,18-13,2.49,105.4,165,102.9,129,68.3,184,-0.01,216,-0.34,150,105.8,116,106.2,188,-1.35,211
132,William & Mary,CAA,,,16-13,2.3,112.4,49,110.1,266,71.5,45,-0.007,207,0.58,122,105.9,115,105.3,146,1.74,121
133,Albany,AE,,,19-12,2.1,108.6,108,106.5,197,64.2,325,-0.017,232,-4.9,287,102.5,276,107.4,265,-1.73,219
134,Toledo,MAC,,,15-15,2.06,110.1,83,108,224,67.2,240,-0.074,326,-0.81,170,105.7,128,106.5,214,1.02,136
135,South Dakota,Sum,,,21-10,2.06,105.1,169,103,132,71.1,53,0.084,21,-2.33,204,106.3,100,108.6,326,-1.28,209
136,Northeastern,CAA,,,15-15,2.04,108.5,111,106.5,196,66.4,268,-0.032,257,1.34,109,105.9,112,104.6,120,3.04,79
137,Utah St.,MWC,,,14-15,2.04,107.2,135,105.1,173,66.7,259,-0.052,299,2.15,97,105.9,113,103.7,98,-0.13,174
138,Santa Clara,WCC,,,16-15,2.01,104.9,174,102.9,128,62.7,344,-0.017,230,-0.07,141,104,220,104.1,106,-4.3,290
139,Rutgers,B10,,,13-17,2.01,101.5,237,99.5,69,66.9,249,-0.022,239,7.08,57,108.1,71,101,36,-8.66,346
140,Missouri St.,MVC,,,16-15,2,108.3,117,106.3,188,66.4,269,-0.07,323,-0.43,153,104.4,199,104.8,125,-5.71,319
141,Wyoming,MWC,,,17-13,1.95,104.3,187,102.4,110,74.2,10,0.007,173,0.87,120,105.8,122,104.9,130,-2.08,229
142,Rice,CUSA,,,20-9,1.95,108.8,104,106.9,208,72.4,26,-0.033,259,-5.56,304,101.8,306,107.4,258,-5.83,322
143,Louisiana Lafayette,SB,,,18-11,1.84,111.2,65,109.3,251,72.5,25,0.015,146,-1.78,187,103.7,233,105.5,155,-3.48,271
144,Mercer,SC,,,15-16,1.79,110.2,80,108.4,234,61.9,346,-0.055,304,0.51,125,106.4,97,105.9,169,4.53,53
145,Fort Wayne,Sum,,,19-11,1.66,109.9,89,108.2,231,72,34,-0.022,240,-3.27,233,106.3,103,109.5,340,-3.81,281
146,Massachusetts,A10,,,14-15,1.52,101.5,233,100,71,73.4,17,-0.041,278,1.19,115,105.7,129,104.5,117,-3.71,277
147,Kent St.,MAC,,,18-12,1.36,104.8,177,103.5,141,69.2,126,-0.011,219,-2.55,208,104.1,218,106.6,221,-5.26,316
148,North Dakota St.,Sum,,,19-10,1.36,105.5,163,104.1,152,67.2,239,0.083,23,-1.5,181,106.5,90,108,306,0.96,138
149,Lipscomb,ASun,,,20-12,1.13,108,123,106.8,207,74.4,7,-0.005,199,-3.74,251,104.1,212,107.8,295,1.63,123
150,Wofford,SC,,,15-16,1.12,110.2,79,109.1,248,66.8,253,-0.063,310,1.44,108,106.3,98,104.9,129,7.24,27
151,Northern Kentucky,Horz,,,21-10,1.09,107.4,134,106.3,189,68.2,193,0.068,40,-3.33,234,103.3,249,106.6,224,-2.09,230
152,Penn,Ivy,,,13-Dec,1.09,103.3,208,102.3,107,66.7,264,-0.046,286,-0.46,154,104.6,180,105.1,137,1.28,132
153,Southern Illinois,MVC,,,16-15,1.01,106.4,147,105.4,178,65.7,293,0.039,82,1.07,118,104.8,168,103.7,99,-2.48,237
154,Western Michigan,MAC,,,14-15,0.91,109.3,96,108.3,233,68.1,195,-0.027,248,0.95,119,106.6,88,105.7,161,2.31,103
155,Yale,Ivy,,,15-10,0.87,106,155,105.1,171,68.8,152,0.043,73,-1.08,176,104.6,182,105.7,162,-0.7,189
156,Tennessee St.,OVC,,,17-12,0.8,101.2,242,100.4,78,67,244,-0.001,189,-1.82,189,105.3,155,107.1,250,3.84,65
157,Georgia Southern,SB,,,18-12,0.69,107,138,106.3,187,69.2,124,0.047,69,-0.93,173,105.6,134,106.5,218,2.2,109
158,UC Irvine,BW,,,17-13,0.65,101.5,236,100.8,87,67.2,236,-0.012,220,-2.85,223,104,224,106.8,232,6.69,32
159,North Carolina Central,MEAC,,,22-7,0.63,103.5,203,102.9,127,66.7,262,-0.037,272,-11.24,348,98.6,347,109.9,346,-0.2,177
160,Marshall,CUSA,,,16-13,0.57,110.8,70,110.3,268,78.3,3,0.019,132,-0.63,165,104.3,206,104.9,128,1.46,128
161,Evansville,MVC,,,15-16,0.55,103.8,197,103.2,136,66.7,263,-0.027,247,1.32,110,105.7,131,104.3,111,-2.09,231
162,New Hampshire,AE,,,19-11,0.52,103.6,200,103.1,133,66.1,280,0.037,89,-4.29,268,103.1,258,107.4,264,0.41,156
163,Boston College,ACC,,,20-Sep,0.43,104.9,176,104.4,161,71.6,42,-0.034,262,7.8,49,109.9,35,102.1,64,-5.8,321
164,Wright St.,Horz,,,20-11,0.37,106.7,143,106.3,192,69.1,137,0.07,38,-2.04,195,103.8,230,105.9,168,1.25,133
165,Northern Iowa,MVC,,,14-15,0.2,97.8,299,97.6,53,63.6,336,0.066,43,5.07,70,108.2,70,103.1,79,8.15,19
166,Samford,SC,,,17-14,0.14,109.1,99,108.9,247,68.9,149,-0.047,287,-2.36,205,104.5,188,106.9,240,-3.94,283
167,Saint Joseph's,A10,,,18-Oct,0.13,104.2,191,104,151,69,145,-0.046,285,4.33,77,107.3,78,103,75,4.16,59
168,Missouri,SEC,,,22-Jul,0.02,100.2,261,100.2,74,68.7,161,-0.179,351,6.31,64,108.3,68,101.9,60,-4.84,306
169,Troy,SB,,,16-14,-0.03,110.3,76,110.3,270,68.6,164,-0.064,313,-2.29,201,103,264,105.3,145,-6.42,333
170,LSU,SEC,,,19-Sep,-0.05,110.2,77,110.2,267,72.2,28,0.001,184,9.65,25,109.6,41,100,14,4.02,63
171,Loyola Marymount,WCC,,,15-14,-0.05,103.4,207,103.4,140,67.8,217,0.036,91,0.27,134,105.4,148,105.1,138,-4.35,293
172,Washington,P12,,,19-Sep,-0.13,108.8,105,108.9,246,71.6,40,-0.101,345,4.97,71,108.6,56,103.7,96,-2.58,242
173,North Dakota,BSky,,,18-8,-0.36,105.1,168,105.4,179,71.7,38,0.042,76,-5.6,306,102.8,270,108.4,322,3.8,66
174,New Orleans,Slnd,,,17-10,-0.51,101.5,235,102,103,67.1,241,0.058,54,-4.48,273,103.4,245,107.9,298,8.55,16
175,Hofstra,CAA,,,15-16,-0.58,111.7,56,112.3,306,67.9,211,-0.025,246,-0.48,157,105.1,157,105.6,159,-2.13,233
176,Ball St.,MAC,,,19-11,-0.68,105.5,162,106.2,185,70.9,63,0.047,70,-4.11,262,103.7,236,107.8,290,-10.59,350
177,DePaul,BE,,,21-Sep,-0.7,104.1,192,104.8,165,68,202,-0.065,314,7.13,56,109.3,49,102.2,65,-6.94,336
178,Green Bay,Horz,,,18-12,-0.71,103.1,214,103.8,146,74.3,9,0.051,62,-2.58,209,104.7,176,107.2,254,-0.02,170
179,Eastern Washington,BSky,,,20-9,-0.73,110,87,110.7,281,66.8,254,0.117,3,-4.8,282,103.4,247,108.2,310,2.32,101
180,Grand Canyon,WAC,,,21-9,-0.77,101.6,231,102.3,108,69.2,132,0.071,35,-7.11,325,100.6,332,107.7,287,-7.48,342
181,Weber St.,BSky,,,16-11,-0.85,108.5,110,109.4,252,66.6,265,-0.02,237,-4.15,263,103.6,237,107.8,291,1.6,125
182,Siena,MAAC,,,15-16,-0.87,105.5,164,106.3,190,69.2,122,-0.011,217,-0.65,166,105.4,146,106,179,6.05,37
183,Denver,Sum,,,16-13,-1.09,108.4,116,109.4,253,66.8,256,0,187,-3.49,243,104.5,191,107.9,302,-4.71,302
184,UAB,CUSA,,,15-14,-1.33,105.6,161,106.9,210,66.8,252,-0.013,221,-1.02,174,104.6,185,105.6,158,0.72,149
185,Boston University,Pat,,,17-13,-1.43,102.7,220,104.1,154,69.9,92,0.007,172,-3.4,237,102.8,269,106.2,193,0.39,158
186,Canisius,MAAC,,,17-14,-1.45,109.3,95,110.8,285,70,90,0.019,131,-2.68,215,103.6,238,106.3,194,-0.62,187
187,UMBC,AE,,,18-11,-1.89,109,101,110.9,289,70.9,64,0.016,140,-5.3,299,102.5,277,107.8,293,-2.93,254
188,Jacksonville St.,OVC,,,17-14,-1.89,105,171,106.9,209,64.6,316,0.026,118,-2.1,198,104.3,204,106.4,204,1.01,137
189,Nebraska Omaha,Sum,,,16-13,-2.04,108.9,103,111,290,74.2,11,0.107,5,-0.1,143,106.8,83,106.9,234,4.2,58
190,Fordham,A10,,,13-16,-2.06,98.1,295,100.2,75,64.3,324,0.002,181,1.61,103,105.3,154,103.7,95,-2.48,238
191,South Dakota St.,Sum,,,15-16,-2.14,111.4,61,113.5,314,67.4,229,-0.008,210,-0.82,171,105.3,151,106.1,184,1.62,124
192,Gardner Webb,BSth,,,18-13,-2.19,102.8,219,105,169,71.1,55,-0.015,226,-5.23,294,102.2,296,107.4,263,5.58,41
193,Texas St.,SB,,,17-11,-2.26,101.6,230,103.8,148,62.1,345,0.036,92,-4.33,269,102.6,275,106.9,241,-7.91,344
194,Utah Valley,WAC,,,13-15,-2.28,101.9,226,104.2,157,74.5,6,-0.085,335,-1.85,192,102.8,268,104.7,122,1.46,127
195,Indiana St.,MVC,,,19-Nov,-2.31,100.1,263,102.4,109,69.8,100,-0.006,205,3.12,86,106.1,107,103,73,2.32,100
196,Washington St.,P12,,,13-15,-2.38,104.9,175,107.3,212,68.2,194,0.087,16,4.75,74,108.5,61,103.8,100,-3.24,262
197,Murray St.,OVC,,,14-16,-2.39,108.4,114,110.8,287,69.4,112,-0.112,347,-3.38,235,104.3,207,107.6,281,0.47,153
198,Coastal Carolina,SB,,,15-15,-2.43,104,193,106.5,195,68,207,0.033,100,0.46,127,105.4,143,105,131,2.12,110
199,San Jose St.,MWC,,,14-13,-2.74,101.4,240,104.1,155,71.3,50,0.082,24,0.55,124,105.7,132,105.1,140,-4.42,295
200,Morehead St.,OVC,,,14-15,-2.75,107.5,132,110.3,269,69,144,0.005,178,-0.48,158,105.8,118,106.3,200,5.11,44
201,IUPUI,Sum,,,13-17,-2.87,108.4,115,111.2,293,69.5,109,-0.038,274,-0.16,145,106.4,96,106.6,220,4.06,62
202,Texas Southern,SWAC,,,18-11,-2.94,105.9,156,108.9,245,68.6,169,0.087,17,-6.22,318,101.7,315,107.9,299,13.3,3
203,East Carolina,Amer,,,13-16,-3.08,96.2,318,99.3,68,66.4,267,0.004,180,-0.46,155,104.7,172,105.2,143,-10.47,349
204,Rider,MAAC,,,17-14,-3.14,101.8,227,105,168,72.6,23,0.032,104,-4.1,261,103.2,254,107.3,256,-5.21,314
205,Fairfield,MAAC,,,16-13,-3.2,100.2,262,103.4,139,69.2,125,0.06,49,-3.03,228,104.1,217,107.1,251,-1.97,224
206,Montana,BSky,,,14-15,-3.23,105,173,108.2,229,66.8,257,-0.051,293,-4.83,284,103.8,231,108.6,328,0.92,140
207,Liberty,BSth,,,19-12,-3.34,100.5,257,103.8,147,63.2,342,0.045,71,-5.3,298,103.2,257,108.5,323,3.61,69
208,Texas A&M Corpus Chris,Slnd,,,18-9,-3.39,103.2,212,106.6,198,68.3,190,0.103,6,-6.2,316,101.9,303,108.1,307,2.36,99
209,Stony Brook,AE,,,17-12,-3.41,103.4,206,106.8,205,66.1,281,0.074,31,-4.79,281,103.1,261,107.9,297,-2.61,243
210,UTEP,CUSA,,,13-15,-3.45,99.7,271,103.1,134,66.1,278,-0.052,300,-3.84,253,103.2,253,107,248,-2.92,252
211,Tennessee Martin,OVC,,,20-11,-3.5,107.9,125,111.4,296,68,201,0.123,2,-4.27,267,103.3,248,107.6,276,-1.61,215
212,Northern Illinois,MAC,,,15-15,-3.81,98.2,294,102,102,66.8,251,-0.016,228,-2.66,213,104.9,166,107.6,274,-5.21,313
213,Navy,Pat,,,15-15,-3.96,100.6,256,104.6,162,64.7,312,-0.009,213,-3.87,254,102.2,294,106.1,182,-1.82,222
214,Mount St. Mary's,NEC,,,16-15,-4.04,99.6,275,103.6,143,67,243,0.037,87,-3.58,246,103.2,252,106.8,230,11.8,6
215,Holy Cross,Pat,,,15-16,-4.22,99.6,274,103.8,149,60.9,349,0.031,105,-2.88,225,102.7,273,105.5,156,0.76,146
216,Houston Baptist,Slnd,,,15-12,-4.51,105,172,109.5,254,70.6,70,0.059,52,-2.06,197,104.1,211,106.2,191,14.28,2
217,Bradley,MVC,,,19-Dec,-4.6,99.8,269,104.4,158,67.7,218,0.007,171,2.63,91,106.3,99,103.7,97,0.76,147
218,Air Force,MWC,,,18-Nov,-4.74,106,153,110.8,286,67.2,237,-0.087,337,-0.66,167,104.8,170,105.4,152,-6.13,329
219,UC Davis,BW,,,18-11,-4.79,99.6,273,104.4,160,69.5,110,0.067,41,-6.22,317,101.2,324,107.4,262,-0.99,199
220,UMKC,WAC,,,15-15,-4.81,103.3,209,108.1,228,70.9,60,0.041,78,-1.55,183,104.4,192,106,176,1.13,135
221,Duquesne,A10,,,19-Oct,-5.05,103,215,108.1,225,70.7,67,-0.042,280,-0.23,146,104.2,209,104.4,112,-7.64,343
222,Eastern Illinois,OVC,,,14-15,-5.07,100.3,258,105.4,177,68.9,151,-0.049,290,-4.74,278,103.5,241,108.2,316,-3.55,274
223,Columbia,Ivy,,,14-Nov,-5.13,102.2,223,107.3,213,69.3,118,-0.015,224,-2.96,227,103.1,262,106,178,-3.22,260
224,Southeast Missouri St.,OVC,,,14-17,-5.32,104.6,183,109.9,262,68.8,153,-0.063,309,-4.48,272,103.8,228,108.3,318,-2.77,245
225,Stephen F. Austin,Slnd,,,16-12,-5.5,97.2,306,102.7,123,66.9,247,0.053,60,-4.86,286,103.1,260,108,303,2.8,87
226,Lamar,Slnd,,,16-13,-5.61,103.1,213,108.7,242,67.9,209,-0.034,263,-6.61,322,100.9,329,107.5,271,-3.43,270
227,Sam Houston St.,Slnd,,,18-11,-5.66,98.4,293,104.1,153,71.1,54,0.094,12,-5.63,308,102.1,297,107.7,289,2.99,83
228,Cleveland St.,Horz,,,21-Sep,-5.67,96.9,309,102.5,118,65.7,290,-0.092,339,-0.27,148,105.9,114,106.1,185,5.71,40
229,James Madison,CAA,,,22-Sep,-5.68,99.2,283,104.9,167,63.9,331,-0.066,316,-0.04,139,106.7,84,106.8,229,-1.71,217
230,Idaho,BSky,,,15-12,-5.71,100.9,252,106.6,200,66.7,258,0.032,102,-5.61,307,103.4,244,109,334,-0.98,198
231,South Alabama,SB,,,13-16,-5.96,99.1,284,105.1,170,70.5,72,0.011,160,-1.78,188,105,164,106.8,228,-6.01,327
232,Southeastern Louisiana,Slnd,,,15-15,-6.02,98.7,290,104.7,164,67.3,233,-0.064,312,-7.51,328,101.5,318,109,332,-2.92,253
233,Central Michigan,MAC,,,16-14,-6.07,111.5,59,117.6,344,75.5,5,0.074,33,-2.32,202,103.7,234,106.1,181,-4.89,307
234,USC Upstate,ASun,,,17-15,-6.12,105.8,158,111.9,302,68.3,183,0.013,153,-4.47,271,104,221,108.5,324,-0.97,197
235,Army,Pat,,,13-18,-6.13,99.2,282,105.3,174,71.6,41,-0.067,319,-4.77,280,101.9,302,106.7,226,-2.98,256
236,Portland St.,BSky,,,14-13,-6.28,105,170,111.3,295,72.9,19,-0.052,297,-6.97,324,102.4,289,109.3,338,-0.08,171
237,Oral Roberts,Sum,,,22-Aug,-6.34,104.8,181,111.1,291,69.3,117,-0.077,329,2.28,95,107.7,77,105.4,150,9,10
238,Wagner,NEC,,,15-13,-6.4,101.3,241,107.7,217,63.5,337,-0.022,241,-7.93,330,99.4,344,107.4,259,-0.18,176
239,Western Kentucky,CUSA,,,13-16,-6.45,104.3,188,110.7,284,66.2,272,0.045,72,-1.89,194,104.1,215,106,175,-3.39,269
240,Long Beach St.,BW,,,13-18,-6.47,104.4,185,110.9,288,70.2,85,0.033,99,-0.68,169,104.5,189,105.2,141,12.8,4
241,Drexel,CAA,,,22-Sep,-6.55,103.9,194,110.5,276,70.4,78,-0.087,338,-0.35,151,105.5,140,105.8,167,-2.84,249
242,Montana St.,BSky,,,15-14,-6.56,103.9,195,110.5,275,69.9,93,-0.009,214,-6.24,319,103.8,232,110,347,-2.68,244
243,Charlotte,CUSA,,,15-Dec,-6.65,103.5,205,110.1,265,73.4,18,0.042,74,-1.64,185,104.3,205,105.9,171,2.26,105
244,Pacific,WCC,,,21-Oct,-6.85,99.4,277,106.2,186,66.7,260,-0.021,238,1.25,113,105.5,136,104.3,109,-2.55,241
245,Bowling Green,MAC,,,13-17,-6.9,100.8,254,107.7,219,70.2,84,0.017,137,-2.05,196,104.3,202,106.4,203,-5.26,315
246,Tulane,Amer,,,23-May,-6.95,103.5,204,110.5,273,70.9,59,-0.08,331,4.24,78,105.7,130,101.4,46,-0.76,192
247,LIU Brooklyn,NEC,,,20-11,-7.16,100.8,253,108,222,67.4,230,0.1,8,-8.97,339,99.7,338,108.6,327,-4.66,300
248,Illinois Chicago,Horz,,,14-17,-7.18,101.2,244,108.4,235,72.1,30,-0.002,193,-3.75,252,102.5,281,106.2,190,-5.09,309
249,Loyola MD,Pat,,,15-15,-7.32,99.4,279,106.7,202,65.9,283,0.092,13,-3.6,247,102.4,284,106,177,0.78,145
250,Kennesaw St.,ASun,,,14-17,-7.36,103.2,211,110.6,277,69.9,96,0.001,183,-4.64,276,104.1,213,108.7,329,-2.81,247
251,Little Rock,SB,,,14-15,-7.36,99,285,106.4,193,64,328,0.033,98,-3.94,257,103.9,227,107.8,296,-6.87,335
252,High Point,BSth,,,15-15,-7.69,100.2,260,107.9,221,65.9,286,-0.015,225,-6.11,315,101.8,309,107.9,300,0.66,150
253,Louisiana Monroe,SB,,,21-Aug,-7.84,98.7,288,106.6,199,65.5,299,-0.136,349,-0.92,172,104.5,187,105.4,153,-3.49,272
254,Drake,MVC,,,23-Jul,-7.94,104.2,190,112.1,305,69.8,98,-0.081,333,1.6,104,105.1,158,103.5,89,-3.33,266
255,UNLV,MWC,,,19-Oct,-7.98,99.9,268,107.9,220,68.5,173,-0.008,209,0.71,121,105.8,121,105.1,139,-4.13,288
256,San Diego,WCC,,,13-17,-8.05,101,250,109.1,250,63.8,333,0.071,36,-0.09,142,104.9,165,105,133,-7.17,338
257,Florida Atlantic,CUSA,,,17-Oct,-8.11,100,266,108.1,226,69.1,139,-0.049,291,-3.68,249,102.9,267,106.6,219,-1.02,201
258,Tennessee Tech,OVC,,,19-Dec,-8.22,99.5,276,107.7,218,68.6,166,-0.045,283,-2.81,221,104.2,208,107,247,-1.76,221
259,North Florida,ASun,,,14-18,-8.23,101.7,229,110,263,70.3,79,0.013,152,-0.59,162,106.4,95,107,246,7.26,25
260,Niagara,MAAC,,,22-Sep,-8.44,102.2,224,110.7,280,69.2,131,-0.068,321,-3.45,240,103.4,246,106.8,231,-4.35,294
261,Hawaii,BW,,,14-13,-8.52,97.2,305,105.7,182,67.6,224,0.01,165,-9.02,340,99.4,345,108.4,320,-5.85,324
262,St. Francis PA,NEC,,,14-15,-8.59,102,225,110.6,278,70.2,81,-0.014,223,-8.18,331,100,333,108.2,314,-0.4,180
263,Appalachian St.,SB,,,20-Aug,-8.71,100.1,264,108.8,244,71,56,-0.061,308,0.5,126,105,163,104.5,119,0.2,163
264,Cornell,Ivy,,,20-Jul,-8.82,99.7,270,108.6,241,70,89,-0.033,261,0.05,137,105.8,119,105.8,165,1.96,119
265,Robert Morris,NEC,,,13-18,-9.01,91.8,341,100.8,88,68.9,150,0.023,125,-5.26,295,101.7,314,106.9,242,4.45,55
266,Fairleigh Dickinson,NEC,,,18-Nov,-9.06,103.3,210,112.4,307,69.5,111,-0.038,275,-4.75,279,101,326,105.8,164,7.85,20
267,UTSA,CUSA,,,17-Dec,-9.14,93.6,333,102.8,125,68.7,160,0.027,113,-2.68,216,103.5,242,106.2,187,-1.25,207
268,Cal St. Northridge,BW,,,16-Nov,-9.18,105.7,160,114.9,328,72.8,20,-0.011,218,-5.28,297,100.8,330,106.1,180,1.32,130
269,Colgate,Pat,,,21-Oct,-9.45,98.6,291,108,223,65.2,305,-0.006,203,-2.95,226,103.2,256,106.1,183,-0.51,183
270,Eastern Kentucky,OVC,,,19-Dec,-9.48,98.8,287,108.3,232,67.8,215,0.015,145,-1.47,180,105.5,139,107,243,0.82,143
271,Oregon St.,P12,,,25-May,-9.49,97.1,307,106.6,201,64.4,323,-0.067,318,5.29,69,108.5,64,103.2,80,-4.97,308
272,Bryant,NEC,,,19-Dec,-9.5,102.5,221,112,304,69.2,121,-0.017,233,-5.98,313,101.2,325,107.2,253,3.77,67
273,Jacksonville,ASun,,,17-15,-9.55,103,217,112.5,308,68,206,0.017,138,-7.33,327,103.2,251,110.6,349,-9.2,348
274,Seattle,WAC,,,13-15,-9.57,96.8,310,106.4,194,68.5,175,-0.007,206,-5.59,305,101.7,312,107.3,257,-6.34,331
275,Brown,Ivy,,,16-Dec,-9.8,104.4,186,114.2,320,71.7,37,0.027,115,-4.05,260,102.3,290,106.4,207,-9.09,347
276,Portland,WCC,,,21-Oct,-10.36,99.3,280,109.7,261,66.2,276,-0.005,198,1.28,111,105.5,137,104.3,107,-3.35,268
277,Cal St. Fullerton,BW,,,14-13,-10.37,96.4,314,106.8,206,69.2,127,0.042,75,-8.51,335,100.6,331,109.2,335,-8.27,345
278,NJIT,ASun,,,20-Nov,-10.37,99.3,281,109.7,258,68,205,0.029,111,-2.8,220,105.4,147,108.2,312,0.19,165
279,Northern Colorado,BSky,,,18-Sep,-10.62,96.3,315,106.9,211,69.1,140,-0.067,317,-3.09,229,104.6,181,107.7,286,8.91,12
280,Miami OH,MAC,,,19-Nov,-10.68,96.8,311,107.4,214,69.1,142,0.061,47,-2.76,219,104.6,179,107.4,261,-6.61,334
281,Abilene Christian,Slnd,,,13-14,-10.69,96.9,308,107.6,216,66.2,274,0.056,57,-5.35,301,102.3,292,107.6,282,1.77,120
282,Milwaukee,Horz,,,23-Aug,-10.83,100.7,255,111.6,300,63.3,341,-0.018,235,-0.68,168,104.9,167,105.6,157,2.58,92
283,Quinnipiac,MAAC,,,20-Oct,-10.84,102.4,222,113.3,312,73.4,15,0.026,117,-2.75,218,103.5,239,106.3,198,-2.95,255
284,Manhattan,MAAC,,,21-Oct,-10.87,97.3,304,108.2,230,69.4,114,0.012,156,-1.83,191,104.5,190,106.3,199,0.18,166
285,Detroit,Horz,,,22-Aug,-10.92,103.6,202,114.5,325,72.7,22,0.014,150,-0.57,160,104.8,169,105.4,149,3.27,73
286,The Citadel,SC,,,20-Nov,-11.06,106.5,146,117.5,342,80.8,2,0.016,142,-0.53,159,106,108,106.5,215,-2.02,226
287,Alcorn St.,SWAC,,,16-11,-11.07,97.4,303,108.4,236,68.4,177,0.086,19,-10.72,346,98,350,108.8,330,11.8,5
288,Austin Peay,OVC,,,19-Nov,-11.1,106.5,145,117.6,343,70.3,80,0.04,81,-1.59,184,105.4,141,107,249,3.21,75
289,Saint Louis,A10,,,19-Oct,-11.12,95.6,322,106.8,203,63.7,335,0.084,22,1.54,106,105.9,110,104.4,113,-4.71,301
290,Radford,BSth,,,13-17,-11.19,97.6,302,108.7,243,64.4,322,0.05,63,-3.38,236,104.4,196,107.8,292,9.08,9
291,UMass Lowell,AE,,,20-Nov,-11.22,104.8,180,116,337,72.1,32,-0.036,267,-5.85,311,102,300,107.8,294,-6.25,330
292,South Florida,Amer,,,20-Jul,-11.73,98,297,109.7,260,68.6,163,-0.002,192,1.54,107,104.6,184,103,77,-7.44,341
293,Cal Poly,BW,,,18-Oct,-12.03,103,216,115,331,65.5,301,0.006,176,-3.09,230,101.7,311,104.8,126,2.66,91
294,Norfolk St.,MEAC,,,15-15,-12.06,93.9,332,105.9,184,69.2,128,0.077,28,-8.57,336,101,327,109.6,341,6.24,35
295,Pepperdine,WCC,,,21-Sep,-12.07,101.8,228,113.9,319,68.8,155,0.036,90,1.98,100,106.7,86,104.7,123,-1.43,213
296,Western Illinois,Sum,,,19-Aug,-12.11,97.6,301,109.7,259,69.2,134,-0.029,254,-1.86,193,105.8,117,107.7,285,-3.13,259
297,FIU,CUSA,,,23-Jun,-12.12,102.8,218,115,330,65.2,304,-0.171,350,-4.49,274,101.8,305,106.3,201,-4.34,292
298,Youngstown St.,Horz,,,20-Nov,-12.12,101.4,238,113.6,315,72.2,29,0.079,26,-2.22,200,104.1,216,106.3,196,-1.75,220
299,Delaware,CAA,,,19-Dec,-12.19,96.2,316,108.4,237,65,311,0.086,20,0.03,138,106.7,87,106.6,223,-3.08,258
300,Sacred Heart,NEC,,,13-18,-12.43,98,296,110.4,272,71.3,48,0.03,108,-8.49,334,99.6,340,108.1,309,-4.74,303
301,Sacramento St.,BSky,,,16-Nov,-12.46,101.2,246,113.6,317,65.9,285,0.049,66,-5.27,296,103.1,259,108.4,321,2.45,96
302,Northwestern St.,Slnd,,,16-Nov,-12.72,100.9,251,113.6,316,71.6,39,0.011,158,-4.17,265,102,299,106.2,192,7.59,22
303,Central Arkansas,Slnd,,,22-Aug,-12.79,104.6,182,117.4,341,71.5,44,-0.006,204,-2.36,206,104,222,106.4,206,7.24,26
304,Campbell,BSth,,,15-16,-13.01,99,286,112,303,65.9,287,0.023,124,-8.26,332,101.6,316,109.9,345,-5.1,310
305,Dartmouth,Ivy,,,19-Jun,-13.02,99.7,272,112.7,310,67.5,225,0.036,95,-3.43,239,102.5,278,105.9,172,-3.77,280
306,UT Rio Grande Valley,WAC,,,20-Oct,-13.05,101.2,245,114.2,321,74,12,-0.031,256,-3.9,255,102.1,298,106,173,-3.07,257
307,American,Pat,,,22-Aug,-13.14,95.3,326,108.5,239,64.6,313,-0.017,231,-3.92,256,102.4,283,106.3,202,-3.96,284
308,Hampton,MEAC,,,13-15,-13.37,94.2,330,107.5,215,67.9,210,0.025,120,-9.35,341,99.7,337,109,333,2.02,112
309,Nicholls St.,Slnd,,,14-15,-13.39,101.2,247,114.6,327,69.6,103,0.108,4,-3.53,244,103.7,235,107.3,255,8.52,17
310,Charleston Southern,BSth,,,18-Dec,-13.44,103.7,198,117.2,340,68.3,186,0.009,168,-5.99,314,101.4,319,107.4,267,5.1,45
311,Incarnate Word,Slnd,,,16-Nov,-13.46,101.4,239,114.9,329,72.1,31,0.039,83,-4.93,288,101.9,301,106.9,238,4.99,48
312,Prairie View A&M,SWAC,,,19-Nov,-13.52,97.6,300,111.1,292,68.6,167,-0.035,266,-6.56,321,101,328,107.6,272,11.7,8
313,Binghamton,AE,,,19-Dec,-13.66,96.7,312,110.3,271,66.3,271,-0.004,197,-5.07,289,102.9,265,108,305,-4.8,304
314,Maryland Eastern Shore,MEAC,,,19-Nov,-13.86,99.4,278,113.2,311,68.8,156,-0.009,212,-5.46,303,102.5,280,107.9,301,8.99,11
315,Savannah St.,MEAC,,,16-Dec,-13.91,101.5,234,115.4,334,81.2,1,0.041,80,-8.67,338,99.6,341,108.3,317,7.43,24
316,UC Riverside,BW,,,19-Aug,-13.96,91.8,342,105.7,181,68,203,-0.051,296,-5.2,291,102.4,288,107.6,273,1.35,129
317,McNeese St.,Slnd,,,20-Jul,-14.15,95.9,321,110,264,69.9,95,-0.042,279,-2.83,222,104,219,106.9,237,8.72,15
318,Marist,MAAC,,,23-Aug,-14.22,101,249,115.2,332,67.2,235,0.022,127,-1.82,190,104.6,186,106.4,205,-0.49,181
319,SIU Edwardsville,OVC,,,24-Jun,-14.25,95.3,325,109.6,255,69.5,108,-0.041,277,-2.63,211,105,161,107.6,283,0.33,159
320,Western Carolina,SC,,,22-Sep,-14.47,91,346,105.5,180,67.3,234,0.037,88,2.51,92,107.7,74,105.2,142,7.19,28
321,Southern,SWAC,,,14-15,-14.49,99.9,267,114.4,323,68.3,191,0.034,97,-12.42,351,97.1,351,109.6,342,2.42,98
322,Stetson,ASun,,,21-Nov,-14.56,101.2,243,115.8,336,72.7,21,-0.002,191,-4.85,285,103.5,240,108.4,319,-5.44,317
323,North Texas,CUSA,,,20-Aug,-15.08,96.2,317,111.3,294,70.1,86,-0.067,320,-4.59,275,101.7,313,106.3,197,-7.43,340
324,Morgan St.,MEAC,,,14-14,-15.1,91.2,345,106.3,191,68.4,178,0.071,37,-11.79,349,99.1,346,110.9,351,-2.53,240
325,Southern Miss,CUSA,,,20-Sep,-15.29,93.1,336,108.4,238,65.5,298,-0.029,251,-3.74,250,102.4,285,106.1,186,-2.89,250
326,Jackson St.,SWAC,,,17-Dec,-15.78,93.3,335,109.1,249,64.6,317,0.024,123,-9.72,343,99.6,342,109.3,337,3.01,81
327,VMI,SC,,,23-Jun,-15.81,98.7,289,114.5,326,69.3,120,-0.037,271,0.34,131,106.2,104,105.9,170,0.75,148
328,Idaho St.,BSky,,,23-Jun,-16.4,97.9,298,114.3,322,69.2,123,-0.057,306,-1.52,182,105.3,149,106.9,235,5.05,47
329,Northern Arizona,BSky,,,21-Aug,-16.67,95,327,111.7,301,69.6,107,-0.002,190,-5.88,312,102.3,293,108.2,311,-3.53,273
330,Lafayette,Pat,,,21-Sep,-17.03,96.6,313,113.7,318,69.7,101,0.059,51,-3.48,242,101.8,307,105.3,148,-3.28,264
331,Hartford,AE,,,22-Sep,-17.79,92.8,337,110.6,279,68.6,170,0.073,34,-5.35,300,102.6,274,108,304,-5.98,326
332,Grambling St.,SWAC,,,16-Dec,-18.05,95.4,324,113.5,313,67.5,227,0.05,64,-10.9,347,98.6,348,109.5,339,-0.54,184
333,Southern Utah,BSky,,,24-May,-18.33,101.1,248,119.5,348,72,33,-0.036,269,-4.8,283,102.7,272,107.5,269,-1.03,202
334,Maine,AE,,,24-Jul,-18.77,92,339,110.7,282,68.3,188,0.013,155,-3.55,245,104.1,214,107.6,279,-2.1,232
335,Howard,MEAC,,,22-Aug,-19.44,91,347,110.5,274,68.4,179,-0.05,292,-5.77,310,102.4,282,108.2,315,8.9,14
336,South Carolina St.,MEAC,,,18-Oct,-19.56,98.5,292,118.1,346,69.1,141,0.077,27,-4.24,266,102.2,295,106.4,211,17.02,1
337,UC Santa Barbara,BW,,,21-May,-19.73,91.8,340,111.6,299,64.5,320,0.017,136,-2.7,217,103,263,105.7,163,6.46,34
338,Delaware St.,MEAC,,,21-Sep,-19.89,95.4,323,115.3,333,66.2,277,0.009,167,-7.15,326,101.8,308,109,331,4.16,60
339,Chicago St.,WAC,,,24-Jun,-19.94,91.5,344,111.5,297,67.2,238,0,186,1.78,102,105.4,142,103.6,94,5.76,39
340,Bethune Cookman,MEAC,,,21-Aug,-20.24,95.9,320,116.2,338,68.8,158,-0.03,255,-10.51,345,99.6,339,110.2,348,-2.04,227
341,Central Connecticut,NEC,,,23-Jun,-20.91,93.6,334,114.5,324,65.2,306,-0.023,242,-7.67,329,100,334,107.6,280,-3.28,263
342,Coppin St.,MEAC,,,22-Aug,-21.27,94.2,331,115.4,335,68,200,0.022,128,-5.44,302,102.3,291,107.7,288,8.27,18
343,Alabama St.,SWAC,,,20-Aug,-21.56,90,348,111.6,298,69.1,138,0.001,182,-10.14,344,99.7,336,109.8,344,2.28,104
344,Florida A&M,MEAC,,,21-Jun,-21.93,94.4,329,116.4,339,70.2,83,-0.077,330,-12.17,350,98.5,349,110.7,350,-4,285
345,Mississippi Valley St.,SWAC,,,24-Jun,-23.43,96.2,319,119.6,349,71.3,49,0.03,106,-5.67,309,101.8,310,107.5,270,11.7,7
346,St. Francis NY,NEC,,,27-Apr,-24.16,88.4,350,112.6,309,67.5,226,-0.037,270,-6.73,323,101.4,320,108.1,308,-1.1,205
347,Arkansas Pine Bluff,SWAC,,,24-Jul,-25.01,85.7,351,110.7,283,67.7,221,-0.006,202,-8.47,333,101.2,322,109.7,343,3.13,76
348,Longwood,BSth,,,24-Jun,-25.03,92.7,338,117.7,345,70.9,62,0.017,139,-5.22,293,102.4,286,107.6,278,0.24,162
349,North Carolina A&T,MEAC,,,28-Feb,-29.01,94.8,328,123.8,351,63.3,340,-0.099,343,-8.65,337,99.6,343,108.2,313,0.44,154
350,Presbyterian,BSth,,,25-May,-29.27,89.3,349,118.6,347,64.6,318,0.018,133,-3.96,258,103.5,243,107.4,268,2.69,89
351,Alabama A&M,SWAC,,,25-Feb,-30.07,91.6,343,121.7,350,64.6,319,-0.076,328,-9.51,342,99.8,335,109.3,336,1.59,126
